channel,total_enquiries,adopted,adoption_rate
Email,41,9,21.951219512195124
Facebook,30,12,40.0
Phone,59,18,30.508474576271187
Unknown,9,5,55.55555555555556
Walk-In,18,4,22.22222222222222
Website,163,57,34.96932515337423
